<?xml version="1.0" encoding="UTF-8"?> 
<doc lang="ru" 
     func="revisium_antivirus_details_func" 
     binary="/ispmgr" 
     host="" 
     notify="4" 
     favorite="no" 
     theme="/manimg/orion/"  
     css="main.css" 
     logo="aid" 
     logolink="" 
     favicon="favicon-ispmgr.ico" 
     localdir="default/"
> 
    @@BANNER@@
    <metadata name="ra_details_func" type="list" key="id" keyname="path" selficon="revisiumantivirus" autoupdate="2">
        <jscript>
        </jscript> 
        <coldata> 
            <col type="data" name="status"/> 
            <col type="data" name="percent"/> 
        </coldata> 
    </metadata> 
    <messages name="ra_details_func">
        <msg name="title">@@NAME@@ - @@ra.scan_report.title@@</msg>
        
        <msg name="status"  added="common">@@ra.progress_report.status@@</msg>
        <msg name="percent" added="common">@@ra.progress_report.percent@@</msg>
    </messages>
    @@TABLE@@
</doc>