<?xml version="1.0" encoding="UTF-8"?>
<doc lang="ru"
     func="revisium_antivirus_func"
     binary="/ispmgr"
     host=""
     features="6b49a92f5cc5153c76b78446d0d74eb41"
     notify="4"
     favorite="no"
     theme="/manimg/orion/"
     css="main.css"
     logo="logo-ispmgr.png"
     logolink=""
     favicon="favicon-ispmgr.ico"
     localdir="default/"
>
    <metadata type="form" name="ra_eula_func" selficon="mb-revisiumantivirus">
        <form progress="yes">
            <field name="eulatext_f" noname="yes">
                <textdata type="msg" name="eulattext" />
            </field>
            <field name="eula_confirmation">
                <input type="checkbox" name="eula_confirmation" />
            </field>
            <buttons>
                <button name="ok"       type="ok"/>
                <button name="cancel"   type="cancel"/>
            </buttons>
        </form>
    </metadata>

    <messages name="ra_eula_func">
        <msg name="title"                               >@@ra.eula.text_head@@</msg>
        <msg name="eulattext"           added="common"  >@@EULA_TEXT@@</msg>
        <msg name="eula_confirmation"   added="common"  >@@EULA_CONFIRMATION_TEXT@@</msg>
        <msg name="msg_ok"              added="common"  >@@ra.eula.button.ok@@</msg>
        <msg name="msg_cancel"          added="common"  >@@ra.eula.button.cancel@@</msg>
    </messages>
</doc>