<?xml version="1.0" encoding="UTF-8"?>
<mgrdata> 
    <mainmenu level="admin+">    
        <node name="tool">         
            <node name="revisium_antivirus_func" />    
        </node> 
    </mainmenu> 

    <handler name="ra_php_wrapper.php" type="xml"> 
        <func   name="revisium_antivirus_func"                              /> 
        <func   name="revisium_antivirus_scan_all_func"                     /> 
        <func   name="revisium_antivirus_cancel_all_func"                   /> 
        <func   name="revisium_antivirus_settings_func"                     /> 
        <func   name="revisium_antivirus_details_func"                      /> 
        <func   name="revisium_antivirus_scan_func"                         /> 
        <func   name="revisium_antivirus_cleanup_func"                      /> 
        <func   name="revisium_antivirus_cleanup_files_func"                /> 
        <func   name="revisium_antivirus_undo_func"                         /> 
        <func   name="revisium_antivirus_undo_files_func"                   /> 
        <func   name="revisium_antivirus_show_file_func"                    /> 
        <func   name="revisium_antivirus_about_func"                        /> 
        <func   name="revisium_antivirus_by_user_func"                      /> 
        <func   name="revisium_antivirus_by_domain_func"                    /> 
        <func   name="revisium_antivirus_remove_backup_func"                /> 
        <event  name="dismiss"                                  after="yes" />
        <!-- BANNER_HANDLER_BEGIN -->
        <event  name="webdomain"                                after="yes" />
        <event  name="admin"                                    after="yes" />
        <event  name="user"                                     after="yes" />
        <event  name="domain"                                   after="yes" />
        <event  name="backup2.superlist"                        after="yes" />
        <event  name="db"                                       after="yes" />
        <event  name="backup2.superlist.import"                 after="yes" />
        <event  name="shell"                                    after="yes" />
        <event  name="reboot_confirm"                           after="yes" />
        <event  name="journal"                                  after="yes" />
        <event  name="authlog"                                  after="yes" />
        <event  name="netactconn"                               after="yes" />
        <event  name="adminstat"                                after="yes" />
        <!-- BANNER_HANDLER_END -->
    </handler> 
    
    <lang name="ru"> 
        <messages name="desktop"> 
            <msg name="menu_revisium_antivirus_func">ImunifyAV (ex. Revisium)</msg>
        </messages>
    </lang> 
    <lang name="en"> 
        <messages name="desktop"> 
            <msg name="menu_revisium_antivirus_func">ImunifyAV (ex. Revisium)</msg>
        </messages>
    </lang> 
</mgrdata>